<?xml version="1.0" encoding="UTF-8"?>
<ApexComponent xmlns="http://soap.sforce.com/2006/04/metadata">
    <apiVersion>56.0</apiVersion>
    <description>Default Lightning Platform site footer component</description>
    <label>SiteFooter</label>
    <packageVersions>
        <majorNumber>1</majorNumber>
        <minorNumber>20</minorNumber>
        <namespace>sf_chttr_apps</namespace>
    </packageVersions>
    <packageVersions>
        <majorNumber>1</majorNumber>
        <minorNumber>7</minorNumber>
        <namespace>sf_com_apps</namespace>
    </packageVersions>
</ApexComponent>
